USE OnComics_Database;

#Sample Data For Account Table
INSERT INTO Account 
(Id, Fullname, Email, PasswordHash, Dob, Gender, ImgUrl, IsGoogle, IsVerified, RefreshToken, RefreshExpireTime, FCMToken, Role, Status) 
VALUES
(UUID_TO_BIN('11111111-1111-4111-8111-111111111111'), 'Admin', 'admin@gmail.com', '5f4dcc3b5aa765d61d8327deb882cf99', '1995-03-15', 'MALE', NULL, 0, 1, NULL, NULL, NULL, 'ADMIN', 'ACTIVE'),
(UUID_TO_BIN('22222222-2222-4222-8222-222222222222'), 'User', 'user@gmail.com', '6cb75f652a9b52798eb6cf2201057c73', '1998-07-20', 'FEMALE', NULL, 1, 1, NULL, NULL, NULL, 'USER', 'ACTIVE'),
(UUID_TO_BIN('33333333-3333-4333-8333-333333333333'), 'User2', 'user2@gmail.com', '098f6bcd4621d373cade4e832627b4f6', '1990-12-05', 'MALE', NULL, 0, 0, NULL, NULL, NULL, 'USER', 'ACTIVE'),
(UUID_TO_BIN('44444444-4444-4444-8444-444444444444'), 'User3', 'user3@gmail.com', 'ad0234829205b9033196ba818f7a872b', '1999-04-22', 'FEMALE', NULL, 1, 1, NULL, NULL, NULL, 'USER', 'ACTIVE'),
(UUID_TO_BIN('55555555-5555-4555-8555-555555555555'), 'User4', 'user4@gmail.com', '8ad8757baa8564dc136c1e07507f4a98', '1988-01-10', 'MALE', NULL, 0, 1, NULL, NULL, NULL, 'USER', 'ACTIVE'),
(UUID_TO_BIN('66666666-6666-4666-8666-666666666666'), 'User5', 'user5@gmail.com', '6512bd43d9caa6e02c990b0a82652dca', '1997-09-17', 'FEMALE', NULL, 1, 0, NULL, NULL, NULL, 'USER', 'ACTIVE'),
(UUID_TO_BIN('77777777-7777-4777-8777-777777777777'), 'User6', 'user6@gmail.com', 'c20ad4d76fe97759aa27a0c99bff6710', '1992-11-30', 'MALE', NULL, 0, 1, NULL, NULL, NULL, 'USER', 'ACTIVE'),
(UUID_TO_BIN('88888888-8888-4888-8888-888888888888'), 'User7', 'user7@gmail.com', 'c51ce410c124a10e0db5e4b97fc2af39', '1996-02-28', 'MALE', NULL, 1, 1, NULL, NULL, NULL, 'USER', 'ACTIVE'),
(UUID_TO_BIN('99999999-9999-4999-8999-999999999999'), 'User8', 'user8@gmail.com', 'aab3238922bcc25a6f606eb525ffdc56', '2000-06-14', 'FEMALE', NULL, 0, 0, NULL, NULL, NULL, 'USER', 'ACTIVE'),
(UUID_TO_BIN('aaaaaaaa-aaaa-4aaa-8aaa-aaaaaaaaaaaa'), 'Admin2', 'admin2@gmail.com', '9bf31c7ff062936a96d3c8bd1f8f2ff3', '1994-08-09', 'MALE', NULL, 1, 1, NULL, NULL, NULL, 'ADMIN', 'ACTIVE');

#Sample Data For Comic Table
INSERT INTO Comic 
(Id, Name, Description, Author, ReleaseDate, UpdateTime, ThumbnailUrl, Rating, RateNum, ChapNum, FavoriteNum, DayReadNum, WeekReadNum, MonthReadNum, TotalReadNum, IsNovel, Status) 
VALUES
(UUID_TO_BIN('11111111-aaaa-4aaa-8aaa-111111111111'), 'Dragon Legend', 'A fantasy story of a young hero destined to fight dragons.', 'Nguyen Van A', '2015-06-10', '2025-09-05 12:00:00', 'https://example.com/thumbs/dragon.jpg', 8.7, 1520, 120, 540, 320, 2100, 9000, 125000, 0, 'ONGOING'),
(UUID_TO_BIN('22222222-bbbb-4bbb-8bbb-222222222222'), 'Love in the Rain', 'A romantic novel set in Hanoi during the rainy season.', 'Tran Thi B', '2018-02-14', '2025-08-28 09:30:00', 'https://example.com/thumbs/love.jpg', 9.2, 2040, 45, 780, 220, 1500, 6500, 98500, 1, 'COMPLETED'),
(UUID_TO_BIN('33333333-cccc-4ccc-8ccc-333333333333'), 'Cyber Shadows', 'A sci-fi action comic about hackers in a futuristic city.', 'Le Van C', '2020-11-01', '2025-09-01 18:45:00', 'https://example.com/thumbs/cyber.jpg', 8.1, 870, 80, 330, 140, 890, 4200, 62000, 0, 'ONGOING'),
(UUID_TO_BIN('44444444-dddd-4ddd-8ddd-444444444444'), 'Eternal Blossom', 'A poetic novel of love and loss through time.', 'Pham Thi D', '2016-04-22', '2025-09-02 14:10:00', 'https://example.com/thumbs/blossom.jpg', 9.5, 3100, 60, 1250, 500, 3000, 12000, 180000, 1, 'COMPLETED'),
(UUID_TO_BIN('55555555-eeee-4eee-8eee-555555555555'), 'Shadow Hunt', 'A dark fantasy about hunters fighting demons in the night.', 'Hoang Van E', '2017-10-30', '2025-09-06 20:20:00', 'https://example.com/thumbs/shadow.jpg', 7.9, 650, 95, 410, 260, 1700, 7200, 91000, 0, 'ONGOING'),
(UUID_TO_BIN('66666666-ffff-4fff-8fff-666666666666'), 'City Beats', 'A slice-of-life story about youth and music in Saigon.', 'Nguyen Thi F', '2019-08-12', '2025-08-30 16:00:00', 'https://example.com/thumbs/city.jpg', 8.3, 1200, 30, 600, 180, 1200, 5100, 70300, 0, 'UPCOMING'),
(UUID_TO_BIN('77777777-aaaa-4aaa-8aaa-777777777777'), 'War of Gods', 'Epic battles between gods and mortals across realms.', 'Do Van G', '2014-12-05', '2025-09-03 11:40:00', 'https://example.com/thumbs/gods.jpg', 8.9, 2760, 200, 1450, 600, 4100, 18500, 250000, 0, 'COMPLETED'),
(UUID_TO_BIN('88888888-bbbb-4bbb-8bbb-888888888888'), 'Silent Melody', 'A heartwarming romance novel about two musicians.', 'Pham Van H', '2021-03-25', '2025-09-07 08:15:00', 'https://example.com/thumbs/melody.jpg', 9.0, 980, 25, 320, 150, 1100, 4800, 65500, 1, 'ONGOING'),
(UUID_TO_BIN('99999999-cccc-4ccc-8ccc-999999999999'), 'Galaxy Riders', 'Adventures of a space crew exploring unknown galaxies.', 'Vu Thi I', '2013-07-19', '2025-09-04 19:50:00', 'https://example.com/thumbs/galaxy.jpg', 7.5, 430, 150, 290, 200, 1350, 5700, 80200, 0, 'ONGOING'),
(UUID_TO_BIN('aaaaaaaa-dddd-4ddd-8ddd-aaaaaaaaaaaa'), 'Forgotten Realm', 'A high fantasy novel with kingdoms, wars, and magic.', 'Nguyen Van J', '2012-01-08', '2025-09-08 10:25:00', 'https://example.com/thumbs/realm.jpg', 9.4, 3520, 310, 2120, 800, 5000, 22000, 330000, 1, 'COMPLETED');

#Sample Data For Category Table
INSERT INTO Category (Id, Name, Description) 
VALUES
(UUID_TO_BIN('c9c586dd-b41e-11f0-8537-2cf05d669344'), 'Action', NULL),
(UUID_TO_BIN('c9c58f28-b41e-11f0-8537-2cf05d669344'), 'Comedy', NULL),
(UUID_TO_BIN('c9c58aa7-b41e-11f0-8537-2cf05d669344'), 'Romance', NULL),
(UUID_TO_BIN('c9c58e99-b41e-11f0-8537-2cf05d669344'), 'Fantasy', NULL),
(UUID_TO_BIN('c9c58ca6-b41e-11f0-8537-2cf05d669344'), 'Sci-Fi', NULL),
(UUID_TO_BIN('c9c58dfc-b41e-11f0-8537-2cf05d669344'), 'Horror', NULL),
(UUID_TO_BIN('c9c58be5-b41e-11f0-8537-2cf05d669344'), 'Drama', NULL),
(UUID_TO_BIN('c9c58d56-b41e-11f0-8537-2cf05d669344'), 'Adventure', NULL),
(UUID_TO_BIN('c9c58fba-b41e-11f0-8537-2cf05d669344'), 'Slice of Life', NULL),
(UUID_TO_BIN('c9c59054-b41e-11f0-8537-2cf05d669344'), 'Sports', NULL);

#Sample Data For InteractionType Table
INSERT INTO InteractionType (Id, Name, ImgUrl) 
VALUES
(UUID_TO_BIN('d1d11111-aaaa-4aaa-8aaa-111111111111'), 'LIKE', NULL),
(UUID_TO_BIN('d1d22222-bbbb-4bbb-8bbb-222222222222'), 'DISLIKE', NULL),
(UUID_TO_BIN('d1d33333-cccc-4ccc-8ccc-333333333333'), 'LOVE', NULL),
(UUID_TO_BIN('d1d44444-dddd-4ddd-8ddd-444444444444'), 'LAUGH', NULL),
(UUID_TO_BIN('d1d55555-eeee-4eee-8eee-555555555555'), 'ANGRY', NULL),
(UUID_TO_BIN('d1d66666-ffff-4fff-8fff-666666666666'), 'SAD', NULL);

#Sample Data For Chapter Table
INSERT INTO Chapter (Id, ComicId, ChapNo, Name, ReadNum, ReleaseTime, Status) 
VALUES
(UUID_TO_BIN('10101010-1111-4111-8111-101010101010'), UUID_TO_BIN('11111111-aaaa-4aaa-8aaa-111111111111'), 1, 'The Awakening', 1200, '2015-06-10', 'ACTIVE'),
(UUID_TO_BIN('20202020-2222-4222-8222-202020202020'), UUID_TO_BIN('11111111-aaaa-4aaa-8aaa-111111111111'), 2, 'Dragon''s Roar', 950, '2015-07-01', 'ACTIVE'),
(UUID_TO_BIN('30303030-3333-4333-8333-303030303030'), UUID_TO_BIN('22222222-bbbb-4bbb-8bbb-222222222222'), 1, 'First Encounter', 2100, '2018-02-14', 'ACTIVE'),
(UUID_TO_BIN('40404040-4444-4444-8444-404040404040'), UUID_TO_BIN('22222222-bbbb-4bbb-8bbb-222222222222'), 2, 'Rainy Streets', 1850, '2018-03-01', 'ACTIVE'),
(UUID_TO_BIN('50505050-5555-4555-8555-505050505050'), UUID_TO_BIN('33333333-cccc-4ccc-8ccc-333333333333'), 1, 'Into the Grid', 870, '2020-11-01', 'ACTIVE'),
(UUID_TO_BIN('60606060-6666-4666-8666-606060606060'), UUID_TO_BIN('33333333-cccc-4ccc-8ccc-333333333333'), 2, 'Hackers Unite', 650, '2020-11-15', 'ACTIVE'),
(UUID_TO_BIN('70707070-7777-4777-8777-707070707070'), UUID_TO_BIN('44444444-dddd-4ddd-8ddd-444444444444'), 1, 'Petals of Time', 3100, '2016-04-22', 'ACTIVE'),
(UUID_TO_BIN('80808080-8888-4888-8888-808080808080'), UUID_TO_BIN('55555555-eeee-4eee-8eee-555555555555'), 1, 'Darkness Falls', 600, '2017-10-30', 'ACTIVE'),
(UUID_TO_BIN('90909090-9999-4999-8999-909090909090'), UUID_TO_BIN('55555555-eeee-4eee-8eee-555555555555'), 2, 'Hunter''s Oath', 450, '2017-11-15', 'ACTIVE'),
(UUID_TO_BIN('a0a0a0a0-aaaa-4aaa-8aaa-a0a0a0a0a0a0'), UUID_TO_BIN('66666666-ffff-4fff-8fff-666666666666'), 1, 'First Beat', 1200, '2019-08-12', 'ACTIVE');

-- Sample Data For ChapterSource Table (updated to match table definition)
INSERT INTO ChapterSource (Id, ChapterId, SrcUrl, Arrangement, IsImage) 
VALUES
(UUID_TO_BIN('d0d01010-1111-4111-8111-d0d010101010'), UUID_TO_BIN('10101010-1111-4111-8111-101010101010'), 'https://example.com/comic1/source1', 1, 1),
(UUID_TO_BIN('d0d02020-2222-4222-8222-d0d020202020'), UUID_TO_BIN('10101010-1111-4111-8111-101010101010'), 'https://example.com/comic1/source2', 2, 0),
(UUID_TO_BIN('d0d03030-3333-4333-8333-d0d030303030'), UUID_TO_BIN('20202020-2222-4222-8222-202020202020'), 'https://example.com/comic2/source1', 1, 1),
(UUID_TO_BIN('d0d04040-4444-4444-8444-d0d040404040'), UUID_TO_BIN('30303030-3333-4333-8333-303030303030'), 'https://example.com/comic3/source1', 1, 0),
(UUID_TO_BIN('d0d05050-5555-4555-8555-d0d050505050'), UUID_TO_BIN('30303030-3333-4333-8333-303030303030'), 'https://example.com/comic3/source2', 2, 1),
(UUID_TO_BIN('d0d06060-6666-4666-8666-d0d060606060'), UUID_TO_BIN('40404040-4444-4444-8444-404040404040'), 'https://example.com/comic4/source1', 1, 1),
(UUID_TO_BIN('d0d07070-7777-4777-8777-d0d070707070'), UUID_TO_BIN('50505050-5555-4555-8555-505050505050'), 'https://example.com/comic5/source1', 1, 0),
(UUID_TO_BIN('d0d08080-8888-4888-8888-d0d080808080'), UUID_TO_BIN('60606060-6666-4666-8666-606060606060'), 'https://example.com/comic6/source1', 1, 1),
(UUID_TO_BIN('d0d09090-9999-4999-8999-d0d090909090'), UUID_TO_BIN('60606060-6666-4666-8666-606060606060'), 'https://example.com/comic6/source2', 2, 0),
(UUID_TO_BIN('d0d0a0a0-aaaa-4aaa-8aaa-d0d0a0a0a0a0'), UUID_TO_BIN('60606060-6666-4666-8666-606060606060'), 'https://example.com/comic6/source3', 3, 1);

#Sample Data For ComicCategory Table
INSERT INTO ComicCategory (Id, ComicId, CategoryId) 
VALUES
(UUID_TO_BIN('e0e01010-1111-4111-8111-e0e010101010'), UUID_TO_BIN('11111111-aaaa-4aaa-8aaa-111111111111'), UUID_TO_BIN('c9c586dd-b41e-11f0-8537-2cf05d669344')),
(UUID_TO_BIN('e0e02020-2222-4222-8222-e0e020202020'), UUID_TO_BIN('11111111-aaaa-4aaa-8aaa-111111111111'), UUID_TO_BIN('c9c58e99-b41e-11f0-8537-2cf05d669344')),
(UUID_TO_BIN('e0e03030-3333-4333-8333-e0e030303030'), UUID_TO_BIN('22222222-bbbb-4bbb-8bbb-222222222222'), UUID_TO_BIN('c9c58aa7-b41e-11f0-8537-2cf05d669344')),
(UUID_TO_BIN('e0e04040-4444-4444-8444-e0e040404040'), UUID_TO_BIN('22222222-bbbb-4bbb-8bbb-222222222222'), UUID_TO_BIN('c9c58be5-b41e-11f0-8537-2cf05d669344')),
(UUID_TO_BIN('e0e05050-5555-4555-8555-e0e050505050'), UUID_TO_BIN('33333333-cccc-4ccc-8ccc-333333333333'), UUID_TO_BIN('c9c586dd-b41e-11f0-8537-2cf05d669344')),
(UUID_TO_BIN('e0e06060-6666-4666-8666-e0e060606060'), UUID_TO_BIN('33333333-cccc-4ccc-8ccc-333333333333'), UUID_TO_BIN('c9c58ca6-b41e-11f0-8537-2cf05d669344')),
(UUID_TO_BIN('e0e07070-7777-4777-8777-e0e070707070'), UUID_TO_BIN('44444444-dddd-4ddd-8ddd-444444444444'), UUID_TO_BIN('c9c58aa7-b41e-11f0-8537-2cf05d669344')),
(UUID_TO_BIN('e0e08080-8888-4888-8888-e0e080808080'), UUID_TO_BIN('44444444-dddd-4ddd-8ddd-444444444444'), UUID_TO_BIN('c9c58be5-b41e-11f0-8537-2cf05d669344')),
(UUID_TO_BIN('e0e09090-9999-4999-8999-e0e090909090'), UUID_TO_BIN('55555555-eeee-4eee-8eee-555555555555'), UUID_TO_BIN('c9c586dd-b41e-11f0-8537-2cf05d669344')),
(UUID_TO_BIN('e0e0a0a0-aaaa-4aaa-8aaa-e0e0a0a0a0a0'), UUID_TO_BIN('55555555-eeee-4eee-8eee-555555555555'), UUID_TO_BIN('c9c58dfc-b41e-11f0-8537-2cf05d669344')),
(UUID_TO_BIN('e0e0b0b0-bbbb-4bbb-8bbb-e0e0b0b0b0b0'), UUID_TO_BIN('66666666-ffff-4fff-8fff-666666666666'), UUID_TO_BIN('c9c58f28-b41e-11f0-8537-2cf05d669344')),
(UUID_TO_BIN('e0e0c0c0-cccc-4ccc-8ccc-e0e0c0c0c0c0'), UUID_TO_BIN('66666666-ffff-4fff-8fff-666666666666'), UUID_TO_BIN('c9c58d56-b41e-11f0-8537-2cf05d669344'));

#Sample Data For ComicRating Table
INSERT INTO ComicRating (Id, AccountId, ComicId, Rating) 
VALUES
(UUID_TO_BIN('11111111-9999-4999-8999-111111111111'), UUID_TO_BIN('11111111-1111-4111-8111-111111111111'), UUID_TO_BIN('11111111-aaaa-4aaa-8aaa-111111111111'), 4.5),
(UUID_TO_BIN('22222222-9999-4999-8999-222222222222'), UUID_TO_BIN('22222222-2222-4222-8222-222222222222'), UUID_TO_BIN('22222222-bbbb-4bbb-8bbb-222222222222'), 4.7),
(UUID_TO_BIN('33333333-9999-4999-8999-333333333333'), UUID_TO_BIN('33333333-3333-4333-8333-333333333333'), UUID_TO_BIN('33333333-cccc-4ccc-8ccc-333333333333'), 5.0),
(UUID_TO_BIN('44444444-9999-4999-8999-444444444444'), UUID_TO_BIN('44444444-4444-4444-8444-444444444444'), UUID_TO_BIN('44444444-dddd-4ddd-8ddd-444444444444'), 4.8),
(UUID_TO_BIN('55555555-9999-4999-8999-555555555555'), UUID_TO_BIN('55555555-5555-4555-8555-555555555555'), UUID_TO_BIN('55555555-eeee-4eee-8eee-555555555555'), 3.9),
(UUID_TO_BIN('66666666-9999-4999-8999-666666666666'), UUID_TO_BIN('66666666-6666-4666-8666-666666666666'), UUID_TO_BIN('66666666-ffff-4fff-8fff-666666666666'), 3.5),
(UUID_TO_BIN('77777777-9999-4999-8999-777777777777'), UUID_TO_BIN('77777777-7777-4777-8777-777777777777'), UUID_TO_BIN('77777777-aaaa-4aaa-8aaa-777777777777'), 5.0),
(UUID_TO_BIN('88888888-9999-4999-8999-888888888888'), UUID_TO_BIN('88888888-8888-4888-8888-888888888888'), UUID_TO_BIN('88888888-bbbb-4bbb-8bbb-888888888888'), 3.8),
(UUID_TO_BIN('99999999-9999-4999-8999-999999999999'), UUID_TO_BIN('99999999-9999-4999-8999-999999999999'), UUID_TO_BIN('99999999-cccc-4ccc-8ccc-999999999999'), 4.1),
(UUID_TO_BIN('aaaaaaaa-9999-4999-8999-aaaaaaaaaaaa'), UUID_TO_BIN('aaaaaaaa-aaaa-4aaa-8aaa-aaaaaaaaaaaa'), UUID_TO_BIN('aaaaaaaa-dddd-4ddd-8ddd-aaaaaaaaaaaa'), 4.3);

-- Sample Data For Comment Table
INSERT INTO Comment (Id, AccountId, ComicId, Content, IsEdited, IsMainCmt, MainCmtId, CmtTime, InteractionNum)
VALUES
(UUID_TO_BIN('11111111-cccc-4ccc-8ccc-111111111111'), UUID_TO_BIN('11111111-1111-4111-8111-111111111111'), UUID_TO_BIN('11111111-aaaa-4aaa-8aaa-111111111111'), 'This comic is amazing! Can’t wait for the next chapter.', 0, 1, NULL, '2025-09-01 10:15:00', 2),
(UUID_TO_BIN('22222222-cccc-4ccc-8ccc-222222222222'), UUID_TO_BIN('11111111-1111-4111-8111-111111111111'), UUID_TO_BIN('11111111-aaaa-4aaa-8aaa-111111111111'), 'I love the dragon fight scenes.', 0, 1, NULL, '2025-09-01 10:30:00', 0),
(UUID_TO_BIN('33333333-cccc-4ccc-8ccc-333333333333'), UUID_TO_BIN('11111111-1111-4111-8111-111111111111'), UUID_TO_BIN('11111111-aaaa-4aaa-8aaa-111111111111'), 'Totally agree with you!', 0, 0, UUID_TO_BIN('11111111-cccc-4ccc-8ccc-111111111111'), '2025-09-01 10:45:00', 0),
(UUID_TO_BIN('44444444-cccc-4ccc-8ccc-444444444444'), UUID_TO_BIN('22222222-2222-4222-8222-222222222222'), UUID_TO_BIN('22222222-bbbb-4bbb-8bbb-222222222222'), 'Such a touching romance story ❤️', 0, 1, NULL, '2025-09-02 09:10:00', 0),
(UUID_TO_BIN('55555555-cccc-4ccc-8ccc-555555555555'), UUID_TO_BIN('22222222-2222-4222-8222-222222222222'), UUID_TO_BIN('22222222-bbbb-4bbb-8bbb-222222222222'), 'The ending made me cry.', 0, 1, NULL, '2025-09-02 09:25:00', 1),
(UUID_TO_BIN('66666666-cccc-4ccc-8ccc-666666666666'), UUID_TO_BIN('22222222-2222-4222-8222-222222222222'), UUID_TO_BIN('22222222-bbbb-4bbb-8bbb-222222222222'), 'Same here, I was in tears.', 0, 0, UUID_TO_BIN('55555555-cccc-4ccc-8ccc-555555555555'), '2025-09-02 09:40:00', 0),
(UUID_TO_BIN('77777777-cccc-4ccc-8ccc-777777777777'), UUID_TO_BIN('33333333-3333-4333-8333-333333333333'), UUID_TO_BIN('33333333-cccc-4ccc-8ccc-333333333333'), 'Cyberpunk vibes are strong in this one.', 0, 1, NULL, '2025-09-03 14:20:00', 1),
(UUID_TO_BIN('88888888-cccc-4ccc-8ccc-888888888888'), UUID_TO_BIN('33333333-3333-4333-8333-333333333333'), UUID_TO_BIN('33333333-cccc-4ccc-8ccc-333333333333'), 'The hacking scenes are epic!', 0, 0, UUID_TO_BIN('77777777-cccc-4ccc-8ccc-777777777777'), '2025-09-03 14:35:00', 0),
(UUID_TO_BIN('99999999-cccc-4ccc-8ccc-999999999999'), UUID_TO_BIN('44444444-4444-4444-8444-444444444444'), UUID_TO_BIN('44444444-dddd-4ddd-8ddd-444444444444'), 'Eternal Blossom is a masterpiece.', 0, 1, NULL, '2025-09-04 11:50:00', 0),
(UUID_TO_BIN('aaaaaaaa-cccc-4ccc-8ccc-aaaaaaaaaaaa'), UUID_TO_BIN('55555555-5555-4555-8555-555555555555'), UUID_TO_BIN('55555555-eeee-4eee-8eee-555555555555'), 'Shadow Hunt has such a dark atmosphere, I love it.', 0, 1, NULL, '2025-09-05 20:05:00', 0);

#Sample Data For Favorite Table
INSERT INTO Favorite (Id, AccountId, ComicId) 
VALUES
(UUID_TO_BIN('f1f11111-1111-4111-8111-f1f111111111'), UUID_TO_BIN('11111111-1111-4111-8111-111111111111'), UUID_TO_BIN('11111111-aaaa-4aaa-8aaa-111111111111')),
(UUID_TO_BIN('f2f22222-2222-4222-8222-f2f222222222'), UUID_TO_BIN('11111111-1111-4111-8111-111111111111'), UUID_TO_BIN('22222222-bbbb-4bbb-8bbb-222222222222')),
(UUID_TO_BIN('f3f33333-3333-4333-8333-f3f333333333'), UUID_TO_BIN('22222222-2222-4222-8222-222222222222'), UUID_TO_BIN('33333333-cccc-4ccc-8ccc-333333333333')),
(UUID_TO_BIN('f4f44444-4444-4444-8444-f4f444444444'), UUID_TO_BIN('22222222-2222-4222-8222-222222222222'), UUID_TO_BIN('44444444-dddd-4ddd-8ddd-444444444444')),
(UUID_TO_BIN('f5f55555-5555-4555-8555-f5f555555555'), UUID_TO_BIN('33333333-3333-4333-8333-333333333333'), UUID_TO_BIN('55555555-eeee-4eee-8eee-555555555555')),
(UUID_TO_BIN('f6f66666-6666-4666-8666-f6f666666666'), UUID_TO_BIN('33333333-3333-4333-8333-333333333333'), UUID_TO_BIN('66666666-ffff-4fff-8fff-666666666666')),
(UUID_TO_BIN('f7f77777-7777-4777-8777-f7f777777777'), UUID_TO_BIN('44444444-4444-4444-8444-444444444444'), UUID_TO_BIN('77777777-aaaa-4aaa-8aaa-777777777777')),
(UUID_TO_BIN('f8f88888-8888-4888-8888-f8f888888888'), UUID_TO_BIN('55555555-5555-4555-8555-555555555555'), UUID_TO_BIN('88888888-bbbb-4bbb-8bbb-888888888888')),
(UUID_TO_BIN('f9f99999-9999-4999-8999-f9f999999999'), UUID_TO_BIN('66666666-6666-4666-8666-666666666666'), UUID_TO_BIN('99999999-cccc-4ccc-8ccc-999999999999')),
(UUID_TO_BIN('fafa0a0a-aaaa-4aaa-8aaa-fafa0a0a0a0a'), UUID_TO_BIN('66666666-6666-4666-8666-666666666666'), UUID_TO_BIN('aaaaaaaa-dddd-4ddd-8ddd-aaaaaaaaaaaa'));

#Sample Data For History Table
INSERT INTO History (Id, AccountId, ChapterId, ReadTime) 
VALUES
(UUID_TO_BIN('b1b11111-1111-4111-8111-b1b111111111'), UUID_TO_BIN('11111111-1111-4111-8111-111111111111'), UUID_TO_BIN('10101010-1111-4111-8111-101010101010'), '2025-09-01 09:10:00'),
(UUID_TO_BIN('b2b22222-2222-4222-8222-b2b222222222'), UUID_TO_BIN('11111111-1111-4111-8111-111111111111'), UUID_TO_BIN('20202020-2222-4222-8222-202020202020'), '2025-09-01 09:45:00'),
(UUID_TO_BIN('b3b33333-3333-4333-8333-b3b333333333'), UUID_TO_BIN('22222222-2222-4222-8222-222222222222'), UUID_TO_BIN('30303030-3333-4333-8333-303030303030'), '2025-09-01 10:15:00'),
(UUID_TO_BIN('b4b44444-4444-4444-8444-b4b444444444'), UUID_TO_BIN('33333333-3333-4333-8333-333333333333'), UUID_TO_BIN('40404040-4444-4444-8444-404040404040'), '2025-09-01 10:50:00'),
(UUID_TO_BIN('b5b55555-5555-4555-8555-b5b555555555'), UUID_TO_BIN('44444444-4444-4444-8444-444444444444'), UUID_TO_BIN('50505050-5555-4555-8555-505050505050'), '2025-09-02 08:30:00'),
(UUID_TO_BIN('b6b66666-6666-4666-8666-b6b666666666'), UUID_TO_BIN('55555555-5555-4555-8555-555555555555'), UUID_TO_BIN('60606060-6666-4666-8666-606060606060'), '2025-09-02 09:00:00'),
(UUID_TO_BIN('b7b77777-7777-4777-8777-b7b777777777'), UUID_TO_BIN('66666666-6666-4666-8666-666666666666'), UUID_TO_BIN('70707070-7777-4777-8777-707070707070'), '2025-09-02 09:30:00'),
(UUID_TO_BIN('b8b88888-8888-4888-8888-b8b888888888'), UUID_TO_BIN('77777777-7777-4777-8777-777777777777'), UUID_TO_BIN('80808080-8888-4888-8888-808080808080'), '2025-09-02 10:00:00'),
(UUID_TO_BIN('b9b99999-9999-4999-8999-b9b999999999'), UUID_TO_BIN('88888888-8888-4888-8888-888888888888'), UUID_TO_BIN('90909090-9999-4999-8999-909090909090'), '2025-09-03 11:15:00'),
(UUID_TO_BIN('babaaaaa-aaaa-4aaa-8aaa-babaaaaaaaab'), UUID_TO_BIN('99999999-9999-4999-8999-999999999999'), UUID_TO_BIN('a0a0a0a0-aaaa-4aaa-8aaa-a0a0a0a0a0a0'), '2025-09-03 12:00:00');

#Sample Data For Interaction Table
INSERT INTO Interaction (Id, AccountId, CommentId, TypeId, ReactTime) 
VALUES
(UUID_TO_BIN('c1c11111-aaaa-4aaa-8aaa-c1c111111111'), UUID_TO_BIN('11111111-1111-4111-8111-111111111111'), UUID_TO_BIN('11111111-cccc-4ccc-8ccc-111111111111'), UUID_TO_BIN('d1d11111-aaaa-4aaa-8aaa-111111111111'), '2025-09-01 10:20:00'),
(UUID_TO_BIN('c1c12222-bbbb-4bbb-8bbb-c1c122222222'), UUID_TO_BIN('11111111-1111-4111-8111-111111111111'), UUID_TO_BIN('22222222-cccc-4ccc-8ccc-222222222222'), UUID_TO_BIN('d1d22222-bbbb-4bbb-8bbb-222222222222'), '2025-09-01 10:25:00'),
(UUID_TO_BIN('c1c13333-cccc-4ccc-8ccc-c1c133333333'), UUID_TO_BIN('22222222-2222-4222-8222-222222222222'), UUID_TO_BIN('11111111-cccc-4ccc-8ccc-111111111111'), UUID_TO_BIN('d1d33333-cccc-4ccc-8ccc-333333333333'), '2025-09-01 10:35:00'),
(UUID_TO_BIN('c1c14444-dddd-4ddd-8ddd-c1c144444444'), UUID_TO_BIN('33333333-3333-4333-8333-333333333333'), UUID_TO_BIN('33333333-cccc-4ccc-8ccc-333333333333'), UUID_TO_BIN('d1d44444-dddd-4ddd-8ddd-444444444444'), '2025-09-01 10:50:00'),
(UUID_TO_BIN('c1c15555-eeee-4eee-8eee-c1c155555555'), UUID_TO_BIN('44444444-4444-4444-8444-444444444444'), UUID_TO_BIN('11111111-cccc-4ccc-8ccc-111111111111'), UUID_TO_BIN('d1d55555-eeee-4eee-8eee-555555555555'), '2025-09-02 09:15:00'),
(UUID_TO_BIN('c1c16666-ffff-4fff-8fff-c1c166666666'), UUID_TO_BIN('55555555-5555-4555-8555-555555555555'), UUID_TO_BIN('22222222-cccc-4ccc-8ccc-222222222222'), UUID_TO_BIN('d1d66666-ffff-4fff-8fff-666666666666'), '2025-09-02 09:35:00'),
(UUID_TO_BIN('c1c17777-aaaa-4aaa-8aaa-c1c177777777'), UUID_TO_BIN('66666666-6666-4666-8666-666666666666'), UUID_TO_BIN('11111111-cccc-4ccc-8ccc-111111111111'), UUID_TO_BIN('d1d11111-aaaa-4aaa-8aaa-111111111111'), '2025-09-02 09:55:00'),
(UUID_TO_BIN('c1c18888-bbbb-4bbb-8bbb-c1c188888888'), UUID_TO_BIN('77777777-7777-4777-8777-777777777777'), UUID_TO_BIN('44444444-cccc-4ccc-8ccc-444444444444'), UUID_TO_BIN('d1d22222-bbbb-4bbb-8bbb-222222222222'), '2025-09-03 14:25:00'),
(UUID_TO_BIN('c1c19999-cccc-4ccc-8ccc-c1c199999999'), UUID_TO_BIN('88888888-8888-4888-8888-888888888888'), UUID_TO_BIN('11111111-cccc-4ccc-8ccc-111111111111'), UUID_TO_BIN('d1d33333-cccc-4ccc-8ccc-333333333333'), '2025-09-03 14:45:00'),
(UUID_TO_BIN('c1c1aaaa-dddd-4ddd-8ddd-c1c1aaaaaaaa'), UUID_TO_BIN('99999999-9999-4999-8999-999999999999'), UUID_TO_BIN('22222222-cccc-4ccc-8ccc-222222222222'), UUID_TO_BIN('d1d44444-dddd-4ddd-8ddd-444444444444'), '2025-09-04 12:05:00');